Workbook

Sheet liste
A1: Date du test | B1: Section | C1: Scénario | D1: Test | E1: Résultat attendu | F1: Ok ? | G1: Commentaire KO
B2: Liste | C2: Retrouver un produit | D2: Recherche globale sur le nom | E2: La liste ne montre que les produits dont le texte contient la recherche, dans les categories en lecture.
B3: Liste | C3: Filtrer par categorie | D3: Choisir Montures | E3: Seuls les produits Montures restent. La barre de groupes n'affiche que les groupes de Montures.
B4: Liste | C4: Toutes categories | D4: Revenir a toutes les categories en vue detaillee | E4: La barre de groupes disparait.
B5: Liste | C5: Masquer un groupe | D5: En vue detaillee Montures, cliquer un groupe de la barre | E5: Les colonnes de ce groupe sortent de la liste. Les autres groupes restent.
B6: Liste | C6: Tri | D6: Cliquer l'en-tete d'une colonne, puis une seconde fois | E6: Le tri passe croissant puis decroissant.
B7: Liste | C7: Pagination | D7: Preferences application a 50, puis a 0 | E7: 50 lignes par page, puis toute la liste sans pagination.
B8: Liste | C8: Creation | D8: Nouveau produit sans EAN | E8: La creation est refusee. EAN, nom et categorie sont exiges. SAP peut rester vide.
B9: Liste | C9: Creation | D9: Nouveau produit complet sur une categorie en ecriture | E9: La fiche du produit s'ouvre.
B10: Liste | C10: Droits | D10: Compte Consultation, bouton Nouveau produit | E10: Le bouton n'est pas propose s'il n'y a aucune categorie en ecriture.
B11: Liste | C11: Selection | D11: Cocher deux produits et Comparer sans categorie | E11: Un message demande une categorie. Avec une categorie, la vue detaillee surligne les ecarts.
B12: Liste | C12: Actions de masse | D12: Modifier un champ sur une selection melant des produits en lecture seule | E12: Seuls les produits en ecriture changent.
B13: Fiche | C13: Navigation | D13: Ouvrir un produit puis defiler | E13: Retour a la liste et Enregistrer restent visibles. Le titre n'est plus celui du tableau de bord.
... B57: Roles | C57: Action refusee | D57: Tenter de modifier ou supprimer sans le droit | E57: L action est refusee ou absente. Le guide indique de contacter Alexis Beranger, administrateur de la solution.

Sheet Synthèse
A1: Compte-rendu des tests
A2: Ok ? vaut VRAI ou FAUX une fois le test joue. Vide = non teste.
A4: Section | B4: FAUX | C4: VRAI | D4: Non teste | E4: Total
A5: Liste | B5: =COUNTIFS(liste!B:B,A5,liste!F:F,"FAUX") | C5: =COUNTIFS(liste!B:B,A5,liste!F:F,"VRAI") | D5: =COUNTIFS(liste!B:B,A5,liste!F:F,"") | E5: =SUM(B5:D5)
A6: Fiche | B6: =COUNTIFS(liste!B:B,A6,liste!F:F,"FAUX") | C6: =COUNTIFS(liste!B:B,A6,liste!F:F,"VRAI") | D6: =COUNTIFS(liste!B:B,A6,liste!F:F,"") | E6: =SUM(B6:D6)
A7: Attributs | B7: =COUNTIFS(liste!B:B,A7,liste!F:F,"FAUX") | C7: =COUNTIFS(liste!B:B,A7,liste!F:F,"VRAI") | D7: =COUNTIFS(liste!B:B,A7,liste!F:F,"") | E7: =SUM(B7:D7)
A8: Groupes | B8: =COUNTIFS(liste!B:B,A8,liste!F:F,"FAUX") | C8: =COUNTIFS(liste!B:B,A8,liste!F:F,"VRAI") | D8: =COUNTIFS(liste!B:B,A8,liste!F:F,"") | E8: =SUM(B8:D8)
A9: Categories | B9: =COUNTIFS(liste!B:B,A9,liste!F:F,"FAUX") | C9: =COUNTIFS(liste!B:B,A9,liste!F:F,"VRAI") | D9: =COUNTIFS(liste!B:B,A9,liste!F:F,"") | E9: =SUM(B9:D9)
A10: Conditions | B10: =COUNTIFS(liste!B:B,A10,liste!F:F,"FAUX") | C10: =COUNTIFS(liste!B:B,A10,liste!F:F,"VRAI") | D10: =COUNTIFS(liste!B:B,A10,liste!F:F,"") | E10: =SUM(B10:D10)
A11: Import | B11: =COUNTIFS(liste!B:B,A11,liste!F:F,"FAUX") | C11: =COUNTIFS(liste!B:B,A11,liste!F:F,"VRAI") | D11: =COUNTIFS(liste!B:B,A11,liste!F:F,"") | E11: =SUM(B11:D11)
A12: Export | B12: =COUNTIFS(liste!B:B,A12,liste!F:F,"FAUX") | C12: =COUNTIFS(liste!B:B,A12,liste!F:F,"VRAI") | D12: =COUNTIFS(liste!B:B,A12,liste!F:F,"") | E12: =SUM(B12:D12)
A13: Roles | B13: =COUNTIFS(liste!B:B,A13,liste!F:F,"FAUX") | C13: =COUNTIFS(liste!B:B,A13,liste!F:F,"VRAI") | D13: =COUNTIFS(liste!B:B,A13,liste!F:F,"") | E13: =SUM(B13:D13)
A14: Dashboard | B14: =COUNTIFS(liste!B:B,A14,liste!F:F,"FAUX") | C14: =COUNTIFS(liste!B:B,A14,liste!F:F,"VRAI") | D14: =COUNTIFS(liste!B:B,A14,liste!F:F,"") | E14: =SUM(B14:D14)
A15: Administration | B15: =COUNTIFS(liste!B:B,A15,liste!F:F,"FAUX") | C15: =COUNTIFS(liste!B:B,A15,liste!F:F,"VRAI") | D15: =COUNTIFS(liste!B:B,A15,liste!F:F,"") | E15: =SUM(B15:D15)
A16: Total | B16: =SUM(B5:B15) | C16: =SUM(C5:C15) | D16: =SUM(D5:D15) | E16: =SUM(E5:E15)
